<?xml version="1.0" encoding="UTF-8"?>
<PeakList>
  <PeakList1D>
    <PeakList1DHeader creator="nmr" date="2022-08-05T10:52:16.200+02:00" expNo="10" name="HMS-Q545-A" owner="" procNo="1" source="/opt/topspin3.5pl6/data/complat/nmr/data/HMS/data/HMS/nmr">
      <PeakPickDetails>F1=15.895720ppm, F2=-4.129821ppm, MI=0.00cm, MAXI=10000.00cm, PC=1.000
      </PeakPickDetails>
    </PeakList1DHeader>
    <Peak1D F1="14.279505" intensity="1.650118e-03" type="0"/>
    <Peak1D F1="13.762394" intensity="1.755692e-03" type="0"/>
    <Peak1D F1="13.331847" intensity="1.589861e-03" type="0"/>
    <Peak1D F1="12.938685" intensity="1.682212e-03" type="0"/>
    <Peak1D F1="8.622380" intensity="1.642186e-03" type="0"/>
    <Peak1D F1="8.523475" intensity="2.034984e-03" type="0"/>
    <Peak1D F1="8.461113" intensity="2.224108e-03" type="0"/>
    <Peak1D F1="8.437181" intensity="2.162777e-03" type="0"/>
    <Peak1D F1="8.419080" intensity="2.072220e-03" type="0"/>
    <Peak1D F1="8.398578" intensity="2.029035e-03" type="0"/>
    <Peak1D F1="8.393520" intensity="2.327822e-03" type="0"/>
    <Peak1D F1="8.370584" intensity="2.492964e-03" type="0"/>
    <Peak1D F1="8.354585" intensity="2.722034e-03" type="0"/>
    <Peak1D F1="8.329714" intensity="2.132977e-03" type="0"/>
    <Peak1D F1="8.304567" intensity="2.400767e-03" type="0"/>
    <Peak1D F1="8.272151" intensity="3.078214e-03" type="0"/>
    <Peak1D F1="8.255254" intensity="3.065074e-03" type="0"/>
    <Peak1D F1="8.245623" intensity="3.061237e-03" type="0"/>
    <Peak1D F1="8.231257" intensity="3.190582e-03" type="0"/>
    <Peak1D F1="8.126180" intensity="3.960353e-03" type="0"/>
    <Peak1D F1="8.044058" intensity="4.796837e-03" type="0"/>
    <Peak1D F1="8.021959" intensity="1.927103e-02" type="0"/>
    <Peak1D F1="7.996867" intensity="5.639980e-03" type="0"/>
    <Peak1D F1="7.983544" intensity="5.917721e-03" type="0"/>
    <Peak1D F1="7.967936" intensity="6.022081e-03" type="0"/>
    <Peak1D F1="7.949890" intensity="6.577469e-03" type="0"/>
    <Peak1D F1="7.890756" intensity="7.934875e-03" type="0"/>
    <Peak1D F1="7.878924" intensity="8.012586e-03" type="0"/>
    <Peak1D F1="7.870578" intensity="8.342567e-03" type="0"/>
    <Peak1D F1="7.781496" intensity="1.441109e-02" type="0"/>
    <Peak1D F1="7.769364" intensity="1.598583e-02" type="0"/>
    <Peak1D F1="7.757803" intensity="1.530040e-02" type="0"/>
    <Peak1D F1="7.716392" intensity="1.473172e-02" type="0"/>
    <Peak1D F1="7.594157" intensity="1.840133e-01" type="0"/>
    <Peak1D F1="7.585316" intensity="8.066193e-01" type="0"/>
    <Peak1D F1="7.584019" intensity="8.431843e-01" type="0"/>
    <Peak1D F1="7.576889" intensity="1.083278e+00" type="0"/>
    <Peak1D F1="7.571935" intensity="6.644363e-01" type="0"/>
    <Peak1D F1="7.568335" intensity="7.254492e-01" type="0"/>
    <Peak1D F1="7.562983" intensity="8.940689e-01" type="0"/>
    <Peak1D F1="7.561637" intensity="8.839876e-01" type="0"/>
    <Peak1D F1="7.554121" intensity="1.856468e-01" type="0"/>
    <Peak1D F1="7.551834" intensity="1.555558e-01" type="0"/>
    <Peak1D F1="7.476755" intensity="3.392706e-02" type="0"/>
    <Peak1D F1="7.459744" intensity="3.588861e-02" type="0"/>
    <Peak1D F1="7.454525" intensity="3.646662e-02" type="0"/>
    <Peak1D F1="7.425872" intensity="3.637226e-02" type="0"/>
    <Peak1D F1="7.404614" intensity="3.674567e-02" type="0"/>
    <Peak1D F1="7.387459" intensity="4.713911e-02" type="0"/>
    <Peak1D F1="7.366215" intensity="4.979317e-02" type="0"/>
    <Peak1D F1="7.347468" intensity="5.117557e-02" type="0"/>
    <Peak1D F1="7.288963" intensity="4.267967e-01" type="0"/>
    <Peak1D F1="7.281741" intensity="3.300517e+00" type="0"/>
    <Peak1D F1="7.276532" intensity="1.193201e+00" type="0"/>
    <Peak1D F1="7.265061" intensity="1.182738e+00" type="0"/>
    <Peak1D F1="7.259758" intensity="3.659919e+00" type="0"/>
    <Peak1D F1="7.252636" intensity="5.138461e-01" type="0"/>
    <Peak1D F1="7.214475" intensity="5.227524e-01" type="0"/>
    <Peak1D F1="7.209866" intensity="7.604859e-01" type="0"/>
    <Peak1D F1="7.205479" intensity="4.346656e-01" type="0"/>
    <Peak1D F1="7.192926" intensity="2.253982e+00" type="0"/>
    <Peak1D F1="7.188949" intensity="1.218120e+00" type="0"/>
    <Peak1D F1="7.177980" intensity="1.052926e+00" type="0"/>
    <Peak1D F1="7.174656" intensity="2.278645e+00" type="0"/>
    <Peak1D F1="7.166983" intensity="2.033041e+00" type="0"/>
    <Peak1D F1="7.162488" intensity="1.323394e+00" type="0"/>
    <Peak1D F1="7.158977" intensity="8.754117e-01" type="0"/>
    <Peak1D F1="7.151768" intensity="4.209410e-01" type="0"/>
    <Peak1D F1="7.145159" intensity="1.017229e+00" type="0"/>
    <Peak1D F1="7.136231" intensity="2.562969e-01" type="0"/>
    <Peak1D F1="7.126837" intensity="3.086266e-01" type="0"/>
    <Peak1D F1="7.103133" intensity="4.483641e-01" type="0"/>
    <Peak1D F1="7.094447" intensity="5.245071e-01" type="0"/>
    <Peak1D F1="7.087850" intensity="7.987368e-01" type="0"/>
    <Peak1D F1="7.079223" intensity="1.442993e+00" type="0"/>
    <Peak1D F1="7.071138" intensity="1.322896e+00" type="0"/>
    <Peak1D F1="7.062357" intensity="3.182529e+00" type="0"/>
    <Peak1D F1="7.054333" intensity="2.330286e+00" type="0"/>
    <Peak1D F1="7.047826" intensity="1.609114e+00" type="0"/>
    <Peak1D F1="7.039122" intensity="1.794678e+00" type="0"/>
    <Peak1D F1="7.031139" intensity="2.969152e-01" type="0"/>
    <Peak1D F1="7.001492" intensity="6.262143e-02" type="0"/>
    <Peak1D F1="6.991475" intensity="7.752274e-02" type="0"/>
    <Peak1D F1="6.985585" intensity="7.845267e-02" type="0"/>
    <Peak1D F1="6.959207" intensity="1.616977e+00" type="0"/>
    <Peak1D F1="6.955853" intensity="1.976271e+00" type="0"/>
    <Peak1D F1="6.938976" intensity="1.734936e+00" type="0"/>
    <Peak1D F1="6.901867" intensity="6.582957e-02" type="0"/>
    <Peak1D F1="6.890244" intensity="5.325662e-02" type="0"/>
    <Peak1D F1="6.879612" intensity="6.301535e-02" type="0"/>
    <Peak1D F1="6.868580" intensity="6.303362e-02" type="0"/>
    <Peak1D F1="6.848822" intensity="4.430915e-01" type="0"/>
    <Peak1D F1="6.841610" intensity="3.526878e+00" type="0"/>
    <Peak1D F1="6.836399" intensity="1.196266e+00" type="0"/>
    <Peak1D F1="6.824847" intensity="1.051213e+00" type="0"/>
    <Peak1D F1="6.819634" intensity="3.196172e+00" type="0"/>
    <Peak1D F1="6.812427" intensity="4.087088e-01" type="0"/>
    <Peak1D F1="6.758874" intensity="2.925243e-02" type="0"/>
    <Peak1D F1="6.741180" intensity="2.580484e-02" type="0"/>
    <Peak1D F1="6.725185" intensity="3.379785e-02" type="0"/>
    <Peak1D F1="6.697052" intensity="1.472553e-02" type="0"/>
    <Peak1D F1="6.642429" intensity="2.074158e-02" type="0"/>
    <Peak1D F1="6.637403" intensity="2.285622e-02" type="0"/>
    <Peak1D F1="6.621795" intensity="2.120846e-02" type="0"/>
    <Peak1D F1="6.614441" intensity="2.133958e-02" type="0"/>
    <Peak1D F1="6.598017" intensity="1.447642e-02" type="0"/>
    <Peak1D F1="6.546971" intensity="2.242926e-02" type="0"/>
    <Peak1D F1="6.511637" intensity="3.324520e+00" type="0"/>
    <Peak1D F1="6.510810" intensity="3.304874e+00" type="0"/>
    <Peak1D F1="6.386648" intensity="6.663340e-03" type="0"/>
    <Peak1D F1="6.314610" intensity="5.272902e-03" type="0"/>
    <Peak1D F1="6.294326" intensity="2.094933e-02" type="0"/>
    <Peak1D F1="6.280988" intensity="4.860561e-03" type="0"/>
    <Peak1D F1="6.230093" intensity="4.081777e-03" type="0"/>
    <Peak1D F1="6.172890" intensity="3.570577e-03" type="0"/>
    <Peak1D F1="6.150056" intensity="3.397141e-03" type="0"/>
    <Peak1D F1="6.117369" intensity="3.020456e-03" type="0"/>
    <Peak1D F1="6.079989" intensity="2.929461e-03" type="0"/>
    <Peak1D F1="6.061580" intensity="2.786784e-03" type="0"/>
    <Peak1D F1="6.013611" intensity="2.786476e-03" type="0"/>
    <Peak1D F1="5.998291" intensity="2.916592e-03" type="0"/>
    <Peak1D F1="5.964711" intensity="2.455440e-03" type="0"/>
    <Peak1D F1="5.929943" intensity="2.365779e-03" type="0"/>
    <Peak1D F1="5.858318" intensity="2.709571e-03" type="0"/>
    <Peak1D F1="5.810657" intensity="2.202665e-03" type="0"/>
    <Peak1D F1="5.799925" intensity="2.292446e-03" type="0"/>
    <Peak1D F1="5.762915" intensity="2.582391e-03" type="0"/>
    <Peak1D F1="5.741385" intensity="2.626561e-03" type="0"/>
    <Peak1D F1="5.708104" intensity="2.454171e-03" type="0"/>
    <Peak1D F1="5.673988" intensity="2.613496e-03" type="0"/>
    <Peak1D F1="5.644496" intensity="3.466759e-03" type="0"/>
    <Peak1D F1="5.630057" intensity="3.047433e-03" type="0"/>
    <Peak1D F1="5.581166" intensity="3.686574e-03" type="0"/>
    <Peak1D F1="5.519445" intensity="4.981780e-03" type="0"/>
    <Peak1D F1="5.433086" intensity="2.986479e-02" type="0"/>
    <Peak1D F1="5.395470" intensity="8.709107e-03" type="0"/>
    <Peak1D F1="5.378626" intensity="9.439114e-03" type="0"/>
    <Peak1D F1="5.263017" intensity="4.768145e+00" type="0"/>
    <Peak1D F1="5.184904" intensity="1.643752e-02" type="0"/>
    <Peak1D F1="5.125804" intensity="8.038076e-03" type="0"/>
    <Peak1D F1="5.089541" intensity="2.858592e-02" type="0"/>
    <Peak1D F1="5.052161" intensity="1.419867e-02" type="0"/>
    <Peak1D F1="5.038260" intensity="9.428499e-03" type="0"/>
    <Peak1D F1="4.981427" intensity="4.704225e-03" type="0"/>
    <Peak1D F1="4.937395" intensity="2.956558e-03" type="0"/>
    <Peak1D F1="4.870322" intensity="2.218311e-03" type="0"/>
    <Peak1D F1="4.827878" intensity="1.898728e-03" type="0"/>
    <Peak1D F1="4.784405" intensity="1.993555e-03" type="0"/>
    <Peak1D F1="4.249351" intensity="1.628709e-03" type="0"/>
    <Peak1D F1="4.205582" intensity="2.433898e-03" type="0"/>
    <Peak1D F1="4.190717" intensity="3.665930e-03" type="0"/>
    <Peak1D F1="4.181983" intensity="3.007716e-03" type="0"/>
    <Peak1D F1="4.153549" intensity="2.352108e-03" type="0"/>
    <Peak1D F1="4.142277" intensity="4.728949e-03" type="0"/>
    <Peak1D F1="4.127936" intensity="4.581399e-03" type="0"/>
    <Peak1D F1="4.074147" intensity="5.035041e-03" type="0"/>
    <Peak1D F1="4.055955" intensity="1.399181e-02" type="0"/>
    <Peak1D F1="4.038219" intensity="1.331992e-02" type="0"/>
    <Peak1D F1="4.020504" intensity="6.616667e-03" type="0"/>
    <Peak1D F1="4.009153" intensity="7.994733e-03" type="0"/>
    <Peak1D F1="3.992880" intensity="1.746856e-02" type="0"/>
    <Peak1D F1="3.976045" intensity="1.472811e-02" type="0"/>
    <Peak1D F1="3.958327" intensity="7.139479e-03" type="0"/>
    <Peak1D F1="3.920186" intensity="7.936787e-02" type="0"/>
    <Peak1D F1="3.871429" intensity="9.177421e-03" type="0"/>
    <Peak1D F1="3.836787" intensity="1.089865e-02" type="0"/>
    <Peak1D F1="3.825917" intensity="1.251906e-02" type="0"/>
    <Peak1D F1="3.814899" intensity="1.383796e-02" type="0"/>
    <Peak1D F1="3.810319" intensity="1.355050e-02" type="0"/>
    <Peak1D F1="3.742736" intensity="1.500000e+01" type="0"/>
    <Peak1D F1="3.635750" intensity="1.834259e-02" type="0"/>
    <Peak1D F1="3.619505" intensity="1.796775e-02" type="0"/>
    <Peak1D F1="3.587619" intensity="1.341542e-02" type="0"/>
    <Peak1D F1="3.560489" intensity="8.268454e-02" type="0"/>
    <Peak1D F1="3.495548" intensity="7.400630e-03" type="0"/>
    <Peak1D F1="3.471379" intensity="6.475207e-03" type="0"/>
    <Peak1D F1="3.398237" intensity="4.916852e-03" type="0"/>
    <Peak1D F1="3.379037" intensity="5.004638e-03" type="0"/>
    <Peak1D F1="3.316067" intensity="3.779804e-03" type="0"/>
    <Peak1D F1="3.260752" intensity="3.038706e-03" type="0"/>
    <Peak1D F1="3.229284" intensity="2.868640e-03" type="0"/>
    <Peak1D F1="3.167494" intensity="2.437626e-03" type="0"/>
    <Peak1D F1="3.150865" intensity="2.526814e-03" type="0"/>
    <Peak1D F1="3.131695" intensity="2.460936e-03" type="0"/>
    <Peak1D F1="3.119378" intensity="1.953642e-03" type="0"/>
    <Peak1D F1="2.523267" intensity="2.417117e-03" type="0"/>
    <Peak1D F1="2.226606" intensity="7.199671e-03" type="0"/>
    <Peak1D F1="2.207782" intensity="1.334786e-02" type="0"/>
    <Peak1D F1="2.188451" intensity="8.050297e-03" type="0"/>
    <Peak1D F1="2.043889" intensity="1.796019e-03" type="0"/>
    <Peak1D F1="2.034516" intensity="2.950347e-03" type="0"/>
    <Peak1D F1="2.009479" intensity="4.356490e-03" type="0"/>
    <Peak1D F1="1.966251" intensity="6.340206e-02" type="0"/>
    <Peak1D F1="1.895667" intensity="2.809291e-03" type="0"/>
    <Peak1D F1="1.844795" intensity="2.012096e-03" type="0"/>
    <Peak1D F1="1.802445" intensity="2.650266e-03" type="0"/>
    <Peak1D F1="1.706022" intensity="4.247015e-03" type="0"/>
    <Peak1D F1="1.658982" intensity="7.273286e-03" type="0"/>
    <Peak1D F1="1.634904" intensity="9.733480e-03" type="0"/>
    <Peak1D F1="1.626170" intensity="3.865603e-02" type="0"/>
    <Peak1D F1="1.604628" intensity="7.846719e-02" type="0"/>
    <Peak1D F1="1.538382" intensity="1.670732e-02" type="0"/>
    <Peak1D F1="1.524917" intensity="1.990497e-02" type="0"/>
    <Peak1D F1="1.449291" intensity="2.288713e+00" type="0"/>
    <Peak1D F1="1.391533" intensity="2.140464e-02" type="0"/>
    <Peak1D F1="1.375152" intensity="2.183671e-02" type="0"/>
    <Peak1D F1="1.352491" intensity="1.656620e-01" type="0"/>
    <Peak1D F1="1.336944" intensity="2.656838e-02" type="0"/>
    <Peak1D F1="1.327186" intensity="2.536809e-02" type="0"/>
    <Peak1D F1="1.313395" intensity="2.186159e-02" type="0"/>
    <Peak1D F1="1.294745" intensity="2.405445e-02" type="0"/>
    <Peak1D F1="1.273224" intensity="1.242295e-01" type="0"/>
    <Peak1D F1="1.261666" intensity="7.586602e-02" type="0"/>
    <Peak1D F1="1.210312" intensity="1.388212e-01" type="0"/>
    <Peak1D F1="1.182600" intensity="7.576961e-01" type="0"/>
    <Peak1D F1="1.158479" intensity="9.276789e-02" type="0"/>
    <Peak1D F1="1.025885" intensity="2.307173e-02" type="0"/>
    <Peak1D F1="0.972860" intensity="1.786612e-02" type="0"/>
    <Peak1D F1="0.897592" intensity="1.540640e-02" type="0"/>
    <Peak1D F1="0.877971" intensity="2.478215e-02" type="0"/>
    <Peak1D F1="0.858841" intensity="2.965290e-02" type="0"/>
    <Peak1D F1="0.849553" intensity="1.626360e-02" type="0"/>
    <Peak1D F1="0.840277" intensity="2.191528e-02" type="0"/>
    <Peak1D F1="0.822954" intensity="5.786402e-02" type="0"/>
    <Peak1D F1="0.806649" intensity="1.255899e-01" type="0"/>
    <Peak1D F1="0.788918" intensity="8.136039e-02" type="0"/>
    <Peak1D F1="0.780291" intensity="7.081790e-02" type="0"/>
    <Peak1D F1="0.771630" intensity="7.107676e-02" type="0"/>
    <Peak1D F1="0.756122" intensity="6.288498e-02" type="0"/>
    <Peak1D F1="0.700783" intensity="1.269476e-02" type="0"/>
    <Peak1D F1="0.664758" intensity="1.883293e-01" type="0"/>
    <Peak1D F1="0.587672" intensity="5.435220e-03" type="0"/>
    <Peak1D F1="0.564212" intensity="5.175947e-03" type="0"/>
    <Peak1D F1="0.506696" intensity="4.580951e-03" type="0"/>
    <Peak1D F1="0.490266" intensity="3.860364e-03" type="0"/>
    <Peak1D F1="0.467234" intensity="3.422936e-03" type="0"/>
    <Peak1D F1="0.420673" intensity="3.210015e-03" type="0"/>
    <Peak1D F1="0.408962" intensity="2.820375e-03" type="0"/>
    <Peak1D F1="0.394004" intensity="3.189123e-03" type="0"/>
    <Peak1D F1="0.381634" intensity="3.067502e-03" type="0"/>
    <Peak1D F1="0.326367" intensity="2.680362e-03" type="0"/>
    <Peak1D F1="0.288541" intensity="2.158015e-03" type="0"/>
    <Peak1D F1="0.274334" intensity="1.668104e-03" type="0"/>
    <Peak1D F1="0.259805" intensity="2.595275e-03" type="0"/>
    <Peak1D F1="0.230854" intensity="1.830832e-03" type="0"/>
    <Peak1D F1="0.218335" intensity="1.696283e-03" type="0"/>
    <Peak1D F1="0.147399" intensity="1.930495e-03" type="0"/>
    <Peak1D F1="0.015796" intensity="5.463612e-03" type="0"/>
    <Peak1D F1="-0.000149" intensity="2.384272e-01" type="0"/>
    <Peak1D F1="-0.025549" intensity="5.970418e-03" type="0"/>
    <Peak1D F1="-0.146389" intensity="2.044522e-03" type="0"/>
    <Peak1D F1="-0.224399" intensity="1.701310e-03" type="0"/>
    <Peak1D F1="-3.817234" intensity="1.793533e-03" type="0"/>
  </PeakList1D>
</PeakList>
