{
  "source": "chemscanner",
  "Collection": {
    "col-001": {
      "label": "Test Collection",
      "user_id": 1,
      "ancestry": null,
      "created_at": "2024-01-01T00:00:00.000Z",
      "updated_at": "2024-01-01T00:00:00.000Z"
    }
  },
  "Sample": {
    "sample-001": {
      "name": "Sample",
      "short_label": "S1",
      "external_label": "EXT-001",
      "molfile": "\n  Mrv0541 02231512512D          \n\n  6  6  0  0  0  0            999 V2000\n    0.0000    0.8250    0.0000 C   0  0  0  0  0  0  0  0  0  0  0  0\n    0.7145    0.4125    0.0000 C   0  0  0  0  0  0  0  0  0  0  0  0\n    0.7145   -0.4125    0.0000 C   0  0  0  0  0  0  0  0  0  0  0  0\n    0.0000   -0.8250    0.0000 C   0  0  0  0  0  0  0  0  0  0  0  0\n   -0.7145   -0.4125    0.0000 C   0  0  0  0  0  0  0  0  0  0  0  0\n   -0.7145    0.4125    0.0000 C   0  0  0  0  0  0  0  0  0  0  0  0\n  1  2  2  0  0  0  0\n  2  3  1  0  0  0  0\n  3  4  2  0  0  0  0\n  4  5  1  0  0  0  0\n  5  6  2  0  0  0  0\n  6  1  1  0  0  0  0\nM  END",
      "sample_svg_file": "sample-001.svg",
      "molecule_id": "mol-001",
      "created_at": "2024-01-01T00:00:00.000Z",
      "updated_at": "2024-01-01T00:00:00.000Z",
      "real_amount_value": 100,
      "real_amount_unit": "mg",
      "target_amount_value": 100,
      "target_amount_unit": "mg",
      "description": "Test sample with molecule",
      "purity": 0.95
    },
    "sample-002": {
      "name": "Sample",
      "short_label": "S2",
      "external_label": "EXT-002",
      "molfile": "\n  Mrv0541 02231512512D          \n\n  2  1  0  0  0  0            999 V2000\n    0.0000    0.0000    0.0000 C   0  0  0  0  0  0  0  0  0  0  0  0\n    0.0000    1.5000    0.0000 C   0  0  0  0  0  0  0  0  0  0  0  0\n  1  2  1  0  0  0  0\nM  END",
      "sample_svg_file": "sample-002.svg",
      "molecule_id": "mol-002",
      "created_at": "2024-01-01T01:00:00.000Z",
      "updated_at": "2024-01-01T01:00:00.000Z",
      "real_amount_value": 50,
      "real_amount_unit": "mg"
    },
    "sample-003": {
      "name": "Product Sample",
      "short_label": "S3",
      "external_label": "EXT-003",
      "molfile": "\n  Mrv0541 02231512512D          \n\n  3  2  0  0  0  0            999 V2000\n    0.0000    0.0000    0.0000 C   0  0  0  0  0  0  0  0  0  0  0  0\n    0.0000    1.5000    0.0000 C   0  0  0  0  0  0  0  0  0  0  0  0\n    1.5000    0.0000    0.0000 O   0  0  0  0  0  0  0  0  0  0  0  0\n  1  2  1  0  0  0  0\n  1  3  1  0  0  0  0\nM  END",
      "sample_svg_file": "sample-003.svg",
      "molecule_id": "mol-003",
      "created_at": "2024-01-01T02:00:00.000Z",
      "updated_at": "2024-01-01T02:00:00.000Z",
      "real_amount_value": 75,
      "real_amount_unit": "mg"
    }
  },
  "Reaction": {
    "reaction-001": {
      "name": "Test Reaction",
      "short_label": "R1",
      "description": "A test reaction with starting material and product",
      "created_at": "2024-01-01T00:00:00.000Z",
      "updated_at": "2024-01-01T00:00:00.000Z",
      "status": "Successful",
      "temperature": {
        "data": [{"value": 25, "unit": "°C"}],
        "userText": "Room temperature",
        "valueUnit": "°C"
      },
      "duration": "2 hours",
      "purification": ["Column Chromatography"]
    }
  },
  "Molecule": {
    "mol-001": {
      "molfile": "\n  Mrv0541 02231512512D          \n\n  6  6  0  0  0  0            999 V2000\n    0.0000    0.8250    0.0000 C   0  0  0  0  0  0  0  0  0  0  0  0\n    0.7145    0.4125    0.0000 C   0  0  0  0  0  0  0  0  0  0  0  0\n    0.7145   -0.4125    0.0000 C   0  0  0  0  0  0  0  0  0  0  0  0\n    0.0000   -0.8250    0.0000 C   0  0  0  0  0  0  0  0  0  0  0  0\n   -0.7145   -0.4125    0.0000 C   0  0  0  0  0  0  0  0  0  0  0  0\n   -0.7145    0.4125    0.0000 C   0  0  0  0  0  0  0  0  0  0  0  0\n  1  2  2  0  0  0  0\n  2  3  1  0  0  0  0\n  3  4  2  0  0  0  0\n  4  5  1  0  0  0  0\n  5  6  2  0  0  0  0\n  6  1  1  0  0  0  0\nM  END",
      "inchikey": "UHOVQNZJYSORNB-UHFFFAOYSA-N",
      "cano_smiles": "c1ccccc1",
      "sum_formular": "C6H6",
      "molecular_weight": 78.11,
      "created_at": "2024-01-01T00:00:00.000Z",
      "updated_at": "2024-01-01T00:00:00.000Z"
    },
    "mol-002": {
      "molfile": "\n  Mrv0541 02231512512D          \n\n  2  1  0  0  0  0            999 V2000\n    0.0000    0.0000    0.0000 C   0  0  0  0  0  0  0  0  0  0  0  0\n    0.0000    1.5000    0.0000 C   0  0  0  0  0  0  0  0  0  0  0  0\n  1  2  1  0  0  0  0\nM  END",
      "cano_smiles": "CC",
      "sum_formular": "C2H6",
      "molecular_weight": 30.07,
      "created_at": "2024-01-01T01:00:00.000Z",
      "updated_at": "2024-01-01T01:00:00.000Z"
    },
    "mol-003": {
      "molfile": "\n  Mrv0541 02231512512D          \n\n  3  2  0  0  0  0            999 V2000\n    0.0000    0.0000    0.0000 C   0  0  0  0  0  0  0  0  0  0  0  0\n    0.0000    1.5000    0.0000 C   0  0  0  0  0  0  0  0  0  0  0  0\n    1.5000    0.0000    0.0000 O   0  0  0  0  0  0  0  0  0  0  0  0\n  1  2  1  0  0  0  0\n  1  3  1  0  0  0  0\nM  END",
      "cano_smiles": "CCO",
      "sum_formular": "C2H6O",
      "molecular_weight": 46.07,
      "created_at": "2024-01-01T02:00:00.000Z",
      "updated_at": "2024-01-01T02:00:00.000Z"
    }
  },
  "Container": {
    "container-001": {
      "name": "Sample-001 Container",
      "containable_id": "sample-001",
      "containable_type": "Sample",
      "container_type": "root",
      "parent_id": null,
      "ancestry": null
    },
    "container-002": {
      "name": "Reaction-001 Container",
      "containable_id": "reaction-001",
      "containable_type": "Reaction",
      "container_type": "root",
      "parent_id": null,
      "ancestry": null
    },
    "container-003": {
      "name": "Sample-002 Container",
      "containable_id": "sample-002",
      "containable_type": "Sample",
      "container_type": "root",
      "parent_id": null,
      "ancestry": "container-002"
    },
    "container-004": {
      "name": "Sample-003 Container",
      "containable_id": "sample-003",
      "containable_type": "Sample",
      "container_type": "root",
      "parent_id": null,
      "ancestry": "container-002"
    },
    "container-005": {
      "name": "analyses",
      "containable_id": "sample-001",
      "containable_type": null,
      "container_type": "analyses",
      "parent_id": "container-001",
      "ancestry": "container-001"
    },
    "container-006": {
      "name": "1H NMR",
      "containable_id": null,
      "containable_type": null,
      "container_type": "analysis",
      "parent_id": "container-005",
      "ancestry": "container-001/container-005",
      "extended_metadata": {
        "kind": "1H NMR",
        "status": "Confirmed"
      }
    },
    "container-007": {
      "name": "dataset",
      "containable_id": "dataset-001",
      "containable_type": "Dataset",
      "container_type": "dataset",
      "parent_id": "container-006",
      "ancestry": "container-001/container-005/container-006"
    }
  },
  "Dataset": {
    "dataset-001": {
      "name": "NMR Spectrum",
      "description": "1H NMR spectrum data",
      "created_at": "2024-01-01T00:00:00.000Z",
      "updated_at": "2024-01-01T00:00:00.000Z"
    }
  },
  "ReactionsStartingMaterialSample": {
    "link-001": {
      "reaction_id": "reaction-001",
      "sample_id": "sample-002",
      "reference": false,
      "equivalent": 1.0
    }
  },
  "ReactionsProductSample": {
    "link-002": {
      "reaction_id": "reaction-001",
      "sample_id": "sample-003",
      "reference": true,
      "equivalent": 1.0
    }
  },
  "CollectionsSample": {
    "cs-001": {
      "collection_id": "col-001",
      "sample_id": "sample-001",
      "deleted_at": null
    }
  },
  "CollectionsReaction": {
    "cr-001": {
      "collection_id": "col-001",
      "reaction_id": "reaction-001",
      "deleted_at": null
    }
  }
}
